SKU ID,SKU Name,From_Qty,To_Qty,Timestamp,Days since last check,Cause,Reference,Reporting User
47,47,39,69,24/05/2022 8:20:00,7,Business Rule,20220524rc,USER_1
17,17,80,56,24/05/2022 8:29:00,7,Business Rule,20220524rc,USER_5
32,32,90,0,24/05/2022 8:36:00,7,Business Rule,20220524rc,USER_1
30,30,16,30,24/05/2022 8:54:00,7,Business Rule,20220524rc,USER_2
14,14,15,91,24/05/2022 10:11:00,7,Business Rule,20220524rc,USER_2
37,37,9,25,24/05/2022 10:12:00,7,Business Rule,20220524rc,USER_1
12,12,98,84,24/05/2022 10:29:00,7,Business Rule,20220524rc,USER_5
18,18,90,80,24/05/2022 11:17:00,7,Business Rule,20220524rc,USER_5
11,11,10,0,24/05/2022 12:01:00,7,Business Rule,20220524rc,USER_4
50,50,71,18,24/05/2022 12:27:00,7,Business Rule,20220524rc,USER_3
8,8,0,10,24/05/2022 12:43:00,7,Business Rule,20220524rc,USER_1
18,18,31,95,31/05/2022 8:16:00,7,Business Rule,20220531rc,USER_5
6,6,0,8,31/05/2022 8:32:00,14,Business Rule,20220531rc,USER_5
19,19,42,86,31/05/2022 8:49:00,14,Business Rule,20220531rc,USER_3
36,36,13,10,31/05/2022 9:16:00,14,Business Rule,20220531rc,USER_4
45,45,4,79,31/05/2022 9:26:00,14,Business Rule,20220531rc,USER_1
20,20,15,69,31/05/2022 9:33:00,14,Business Rule,20220531rc,USER_1
7,7,35,9,31/05/2022 9:49:00,14,Business Rule,20220531rc,USER_3
36,36,49,70,31/05/2022 10:21:00,0,Complaint,20220531c,USER_4
34,34,2,56,31/05/2022 10:31:00,14,Business Rule,20220531rc,USER_5
48,48,51,6,31/05/2022 10:45:00,14,Business Rule,20220531rc,USER_1
35,35,52,30,31/05/2022 11:01:00,14,Business Rule,20220531rc,USER_2
14,14,100,7,31/05/2022 11:03:00,7,Business Rule,20220531rc,USER_4
8,8,37,52,31/05/2022 11:10:00,7,Business Rule,20220531rc,USER_4
30,30,15,72,31/05/2022 11:49:00,7,Business Rule,20220531rc,USER_4
26,26,68,81,31/05/2022 11:50:00,14,Business Rule,20220531rc,USER_4
34,34,76,57,31/05/2022 12:05:00,0,Complaint,20220531c,USER_2
19,19,16,15,31/05/2022 12:11:00,0,Complaint,20220531c,USER_4
33,33,89,90,31/05/2022 12:22:00,14,Business Rule,20220531rc,USER_4
4,4,67,95,31/05/2022 12:25:00,14,Business Rule,20220531rc,USER_1
38,38,14,24,31/05/2022 12:29:00,14,Business Rule,20220531rc,USER_1
8,8,98,0,31/05/2022 12:43:00,7,Business Rule,20220531rc,USER_2
19,19,79,34,31/05/2022 12:44:00,0,Complaint,20220531c,USER_1
24,24,74,43,31/05/2022 12:51:00,14,Business Rule,20220531rc,USER_5
12,12,10,95,31/05/2022 12:55:00,7,Business Rule,20220531rc,USER_4
25,25,38,8,31/05/2022 13:50:00,14,Business Rule,20220531rc,USER_2
43,43,69,19,7/06/2022 8:06:00,21,Business Rule,20220607rc,USER_4
49,49,27,70,7/06/2022 8:09:00,21,Business Rule,20220607rc,USER_5
46,46,24,88,7/06/2022 8:31:00,21,Business Rule,20220607rc,USER_1
32,32,67,36,7/06/2022 8:50:00,14,Business Rule,20220607rc,USER_1
39,39,83,60,7/06/2022 9:03:00,21,Business Rule,20220607rc,USER_2
44,44,28,20,7/06/2022 9:11:00,21,Business Rule,20220607rc,USER_4
9,9,78,66,7/06/2022 9:14:00,21,Business Rule,20220607rc,USER_4
24,24,0,0,7/06/2022 9:22:00,7,Business Rule,20220607rc,USER_2
26,26,0,56,7/06/2022 9:22:00,7,Business Rule,20220607rc,USER_4
22,22,53,7,7/06/2022 9:42:00,21,Business Rule,20220607rc,USER_4
16,16,51,74,7/06/2022 9:46:00,21,Business Rule,20220607rc,USER_2
27,27,28,43,7/06/2022 9:48:00,21,Business Rule,20220607rc,USER_5
9,9,66,21,7/06/2022 9:56:00,0,Complaint,20220607c,USER_4
21,21,22,96,7/06/2022 10:07:00,21,Business Rule,20220607rc,USER_5
38,38,76,56,7/06/2022 10:08:00,7,Business Rule,20220607rc,USER_3
12,12,57,55,7/06/2022 11:03:00,14,Business Rule,20220607rc,USER_1
1,1,5,87,7/06/2022 11:06:00,21,Business Rule,20220607rc,USER_2
28,28,3,70,7/06/2022 11:06:00,21,Business Rule,20220607rc,USER_4
30,30,93,55,7/06/2022 11:24:00,14,Business Rule,20220607rc,USER_2
34,34,11,13,7/06/2022 11:32:00,7,Business Rule,20220607rc,USER_1
20,20,69,18,7/06/2022 11:42:00,7,Business Rule,20220607rc,USER_1
12,12,56,75,7/06/2022 12:11:00,14,Business Rule,20220607rc,USER_5
39,39,1,46,7/06/2022 12:17:00,0,Complaint,20220607c,USER_1
17,17,92,8,7/06/2022 12:57:00,14,Business Rule,20220607rc,USER_4
40,40,64,4,7/06/2022 13:12:00,21,Business Rule,20220607rc,USER_1
11,11,54,100,14/06/2022 8:01:00,21,Business Rule,20220614rc,USER_2
22,22,79,78,14/06/2022 8:04:00,7,Business Rule,20220614rc,USER_4
38,38,36,7,14/06/2022 8:14:00,14,Business Rule,20220614rc,USER_2
23,23,24,64,14/06/2022 8:21:00,28,Business Rule,20220614rc,USER_1
40,40,84,79,14/06/2022 8:25:00,7,Business Rule,20220614rc,USER_2
47,47,12,61,14/06/2022 9:16:00,21,Business Rule,20220614rc,USER_1
34,34,49,37,14/06/2022 9:44:00,14,Business Rule,20220614rc,USER_1
40,40,96,99,14/06/2022 9:49:00,7,Business Rule,20220614rc,USER_2
19,19,48,7,14/06/2022 9:56:00,14,Business Rule,20220614rc,USER_4
43,43,83,21,14/06/2022 10:06:00,7,Business Rule,20220614rc,USER_5
21,21,62,51,14/06/2022 10:14:00,7,Business Rule,20220614rc,USER_5
5,5,89,18,14/06/2022 10:40:00,28,Business Rule,20220614rc,USER_4
42,42,48,34,14/06/2022 10:44:00,28,Business Rule,20220614rc,USER_2
13,13,9,72,14/06/2022 10:45:00,28,Business Rule,20220614rc,USER_2
20,20,23,12,14/06/2022 10:52:00,14,Business Rule,20220614rc,USER_2
14,14,33,87,14/06/2022 10:53:00,21,Business Rule,20220614rc,USER_1
12,12,25,7,14/06/2022 10:53:00,21,Business Rule,20220614rc,USER_2
27,27,48,43,14/06/2022 10:55:00,7,Business Rule,20220614rc,USER_1
2,2,48,57,14/06/2022 11:08:00,28,Business Rule,20220614rc,USER_1
8,8,61,63,14/06/2022 11:13:00,21,Business Rule,20220614rc,USER_5
33,33,61,60,14/06/2022 11:45:00,14,Business Rule,20220614rc,USER_2
14,14,49,20,14/06/2022 12:14:00,21,Business Rule,20220614rc,USER_1
8,8,20,79,14/06/2022 12:19:00,21,Business Rule,20220614rc,USER_1
43,43,88,92,14/06/2022 12:19:00,7,Business Rule,20220614rc,USER_4
20,20,49,83,14/06/2022 12:20:00,14,Business Rule,20220614rc,USER_4
21,21,98,94,21/06/2022 8:06:00,14,Business Rule,20220621rc,USER_5
42,42,11,46,21/06/2022 8:08:00,7,Business Rule,20220621rc,USER_3
7,7,27,85,21/06/2022 8:16:00,21,Business Rule,20220621rc,USER_5
4,4,10,60,21/06/2022 8:19:00,21,Business Rule,20220621rc,USER_1
47,47,18,24,21/06/2022 8:40:00,28,Business Rule,20220621rc,USER_3
48,48,86,95,21/06/2022 8:41:00,21,Business Rule,20220621rc,USER_5
27,27,26,43,21/06/2022 8:48:00,14,Business Rule,20220621rc,USER_1
45,45,75,28,21/06/2022 9:12:00,21,Business Rule,20220621rc,USER_1
40,40,23,68,21/06/2022 9:14:00,14,Business Rule,20220621rc,USER_5
44,44,20,83,21/06/2022 10:00:00,14,Business Rule,20220621rc,USER_3
29,29,24,0,21/06/2022 10:06:00,35,Business Rule,20220621rc,USER_5
37,37,12,86,21/06/2022 10:09:00,28,Business Rule,20220621rc,USER_1
32,32,48,78,21/06/2022 10:16:00,28,Business Rule,20220621rc,USER_2
39,39,56,28,21/06/2022 10:40:00,14,Business Rule,20220621rc,USER_4
14,14,96,67,21/06/2022 11:00:00,28,Business Rule,20220621rc,USER_1
16,16,33,12,21/06/2022 11:10:00,14,Business Rule,20220621rc,USER_2
30,30,80,28,21/06/2022 11:30:00,28,Business Rule,20220621rc,USER_5
22,22,58,73,21/06/2022 11:45:00,14,Business Rule,20220621rc,USER_4
21,21,20,71,21/06/2022 11:51:00,14,Business Rule,20220621rc,USER_4
44,44,20,23,21/06/2022 12:10:00,14,Business Rule,20220621rc,USER_5
48,48,29,53,21/06/2022 12:29:00,21,Business Rule,20220621rc,USER_2
7,7,84,98,21/06/2022 12:40:00,21,Business Rule,20220621rc,USER_2
20,20,66,75,21/06/2022 12:44:00,21,Business Rule,20220621rc,USER_4
39,39,23,71,21/06/2022 12:49:00,14,Business Rule,20220621rc,USER_2
26,26,39,5,21/06/2022 12:59:00,21,Business Rule,20220621rc,USER_2
49,49,64,82,28/06/2022 8:12:00,21,Business Rule,20220628rc,USER_3
2,2,43,45,28/06/2022 8:15:00,14,Business Rule,20220628rc,USER_1
19,19,77,4,28/06/2022 8:18:00,28,Business Rule,20220628rc,USER_2
31,31,66,73,28/06/2022 8:29:00,42,Business Rule,20220628rc,USER_3
17,17,35,88,28/06/2022 8:33:00,35,Business Rule,20220628rc,USER_5
41,41,88,83,28/06/2022 8:57:00,42,Business Rule,20220628rc,USER_5
20,20,29,94,28/06/2022 9:08:00,28,Business Rule,20220628rc,USER_3
11,11,68,77,28/06/2022 9:29:00,35,Business Rule,20220628rc,USER_3
7,7,14,66,28/06/2022 9:40:00,28,Business Rule,20220628rc,USER_1
36,36,19,65,28/06/2022 9:45:00,28,Business Rule,20220628rc,USER_2
44,44,72,75,28/06/2022 9:59:00,21,Business Rule,20220628rc,USER_2
3,3,84,2,28/06/2022 10:01:00,42,Business Rule,20220628rc,USER_1
31,31,69,96,28/06/2022 10:10:00,0,Complaint,20220628c,USER_5
43,43,73,11,28/06/2022 10:25:00,21,Business Rule,20220628rc,USER_1
19,19,21,99,28/06/2022 10:27:00,28,Business Rule,20220628rc,USER_3
46,46,38,59,28/06/2022 10:28:00,21,Business Rule,20220628rc,USER_2
49,49,11,22,28/06/2022 10:39:00,21,Business Rule,20220628rc,USER_3
2,2,85,15,28/06/2022 11:02:00,14,Business Rule,20220628rc,USER_5
24,24,16,42,28/06/2022 11:46:00,28,Business Rule,20220628rc,USER_5
41,41,66,89,28/06/2022 11:48:00,0,Complaint,20220628c,USER_1
43,43,42,81,28/06/2022 12:35:00,21,Business Rule,20220628rc,USER_2
11,11,49,55,28/06/2022 12:36:00,35,Business Rule,20220628rc,USER_1
48,48,98,86,28/06/2022 12:39:00,28,Business Rule,20220628rc,USER_5
46,46,78,84,28/06/2022 12:40:00,21,Business Rule,20220628rc,USER_5
13,13,91,14,28/06/2022 12:44:00,14,Business Rule,20220628rc,USER_3
7,7,1,76,5/07/2022 8:02:00,35,Business Rule,20220705rc,USER_2
43,43,79,98,5/07/2022 8:03:00,28,Business Rule,20220705rc,USER_5
48,48,96,41,5/07/2022 8:14:00,35,Business Rule,20220705rc,USER_1
14,14,97,21,5/07/2022 8:26:00,42,Business Rule,20220705rc,USER_1
14,14,54,11,5/07/2022 8:36:00,42,Business Rule,20220705rc,USER_2
44,44,66,15,5/07/2022 8:37:00,28,Business Rule,20220705rc,USER_2
45,45,40,36,5/07/2022 8:46:00,35,Business Rule,20220705rc,USER_2
16,16,66,20,5/07/2022 8:49:00,28,Business Rule,20220705rc,USER_5
46,46,75,49,5/07/2022 8:57:00,28,Business Rule,20220705rc,USER_5
6,6,24,92,5/07/2022 9:07:00,35,Business Rule,20220705rc,USER_5
34,34,24,30,5/07/2022 10:19:00,35,Business Rule,20220705rc,USER_5
34,34,28,4,5/07/2022 10:20:00,35,Business Rule,20220705rc,USER_4
41,41,63,22,5/07/2022 10:43:00,7,Business Rule,20220705rc,USER_5
2,2,98,63,5/07/2022 10:57:00,21,Business Rule,20220705rc,USER_3
49,49,27,71,5/07/2022 11:06:00,28,Business Rule,20220705rc,USER_1
2,2,74,0,5/07/2022 11:14:00,21,Business Rule,20220705rc,USER_5
37,37,64,38,5/07/2022 11:28:00,42,Business Rule,20220705rc,USER_4
42,42,56,88,5/07/2022 11:51:00,21,Business Rule,20220705rc,USER_2
17,17,94,54,5/07/2022 11:53:00,42,Business Rule,20220705rc,USER_1
32,32,49,2,5/07/2022 11:59:00,42,Business Rule,20220705rc,USER_5
49,49,56,57,5/07/2022 12:08:00,28,Business Rule,20220705rc,USER_3
21,21,76,39,5/07/2022 12:15:00,28,Business Rule,20220705rc,USER_5
8,8,100,36,5/07/2022 12:21:00,42,Business Rule,20220705rc,USER_1
44,44,85,1,5/07/2022 12:23:00,28,Business Rule,20220705rc,USER_2
48,48,32,14,5/07/2022 12:26:00,35,Business Rule,20220705rc,USER_4
44,44,54,49,12/07/2022 8:04:00,35,Business Rule,20220712rc,USER_5
16,16,80,89,12/07/2022 8:32:00,35,Business Rule,20220712rc,USER_1
2,2,70,14,12/07/2022 8:39:00,28,Business Rule,20220712rc,USER_5
44,44,88,33,12/07/2022 8:42:00,35,Business Rule,20220712rc,USER_2
36,36,36,77,12/07/2022 8:51:00,42,Business Rule,20220712rc,USER_2
19,19,79,78,12/07/2022 8:59:00,42,Business Rule,20220712rc,USER_1
47,47,83,31,12/07/2022 9:30:00,49,Business Rule,20220712rc,USER_2
32,32,64,100,12/07/2022 9:34:00,49,Business Rule,20220712rc,USER_5
36,36,53,11,12/07/2022 10:01:00,42,Business Rule,20220712rc,USER_1
14,14,40,39,12/07/2022 10:12:00,49,Business Rule,20220712rc,USER_1
50,50,93,66,12/07/2022 10:12:00,49,Business Rule,20220712rc,USER_4
8,8,6,84,12/07/2022 10:14:00,49,Business Rule,20220712rc,USER_5
50,50,71,23,12/07/2022 10:31:00,49,Business Rule,20220712rc,USER_3
14,14,91,98,12/07/2022 10:32:00,49,Business Rule,20220712rc,USER_3
34,34,56,75,12/07/2022 10:45:00,42,Business Rule,20220712rc,USER_2
2,2,71,34,12/07/2022 10:47:00,28,Business Rule,20220712rc,USER_4
2,2,12,58,12/07/2022 11:05:00,28,Business Rule,20220712rc,USER_1
6,6,82,36,12/07/2022 11:20:00,42,Business Rule,20220712rc,USER_2
22,22,76,5,12/07/2022 11:25:00,35,Business Rule,20220712rc,USER_2
27,27,36,84,12/07/2022 11:48:00,35,Business Rule,20220712rc,USER_5
22,22,38,95,12/07/2022 11:52:00,35,Business Rule,20220712rc,USER_3
25,25,36,88,12/07/2022 11:54:00,42,Business Rule,20220712rc,USER_5
25,25,23,30,12/07/2022 11:54:00,42,Business Rule,20220712rc,USER_3
47,47,40,37,12/07/2022 12:28:00,49,Business Rule,20220712rc,USER_1
16,16,71,99,12/07/2022 12:29:00,35,Business Rule,20220712rc,USER_2
19,19,74,74,19/07/2022 8:05:00,49,Business Rule,20220719rc,USER_3
37,37,3,3,19/07/2022 8:05:00,56,Business Rule,20220719rc,USER_3
11,11,15,15,19/07/2022 8:29:00,56,Business Rule,20220719rc,USER_1
48,48,5,63,19/07/2022 8:34:00,49,Business Rule,20220719rc,USER_1
11,11,76,47,19/07/2022 8:47:00,56,Business Rule,20220719rc,USER_4
25,25,5,5,19/07/2022 8:47:00,49,Business Rule,20220719rc,USER_2
34,34,10,10,19/07/2022 9:13:00,49,Business Rule,20220719rc,USER_2
30,30,74,74,19/07/2022 9:38:00,56,Business Rule,20220719rc,USER_5
4,4,84,6,19/07/2022 9:40:00,49,Business Rule,20220719rc,USER_1
19,19,97,97,19/07/2022 9:43:00,49,Business Rule,20220719rc,USER_5
21,21,57,57,19/07/2022 10:25:00,42,Business Rule,20220719rc,USER_3
10,10,7,7,19/07/2022 10:28:00,63,Business Rule,20220719rc,USER_3
4,4,52,52,19/07/2022 10:37:00,49,Business Rule,20220719rc,USER_5
8,8,11,11,19/07/2022 10:54:00,56,Business Rule,20220719rc,USER_5
22,22,78,78,19/07/2022 11:01:00,42,Business Rule,20220719rc,USER_4
2,2,33,33,19/07/2022 11:04:00,35,Business Rule,20220719rc,USER_1
8,8,11,11,19/07/2022 11:04:00,56,Business Rule,20220719rc,USER_1
4,4,18,18,19/07/2022 11:06:00,49,Business Rule,20220719rc,USER_5
24,24,80,80,19/07/2022 11:11:00,49,Business Rule,20220719rc,USER_2
18,18,11,11,19/07/2022 11:36:00,56,Business Rule,20220719rc,USER_1
37,37,13,13,19/07/2022 11:37:00,56,Business Rule,20220719rc,USER_2
27,27,94,94,19/07/2022 12:02:00,42,Business Rule,20220719rc,USER_1
34,34,58,58,19/07/2022 12:20:00,49,Business Rule,20220719rc,USER_1
38,38,58,58,19/07/2022 12:24:00,49,Business Rule,20220719rc,USER_4
48,48,31,31,19/07/2022 12:49:00,49,Business Rule,20220719rc,USER_3
39,39,82,82,26/07/2022 8:16:00,49,Business Rule,20220726rc,USER_5
34,34,21,21,26/07/2022 8:23:00,56,Business Rule,20220726rc,USER_4
34,34,10,10,26/07/2022 8:26:00,56,Business Rule,20220726rc,USER_2
36,36,91,91,26/07/2022 8:39:00,56,Business Rule,20220726rc,USER_5
26,26,3,3,26/07/2022 8:46:00,56,Business Rule,20220726rc,USER_4
49,49,68,68,26/07/2022 8:57:00,49,Business Rule,20220726rc,USER_4
50,50,42,42,26/07/2022 9:14:00,63,Business Rule,20220726rc,USER_5
23,23,88,88,26/07/2022 9:18:00,42,Business Rule,20220726rc,USER_5
49,49,56,56,26/07/2022 9:35:00,49,Business Rule,20220726rc,USER_5
9,9,31,31,26/07/2022 9:47:00,49,Business Rule,20220726rc,USER_4
34,34,91,91,26/07/2022 9:54:00,56,Business Rule,20220726rc,USER_1
16,16,44,44,26/07/2022 10:36:00,49,Business Rule,20220726rc,USER_3
43,43,44,44,26/07/2022 10:37:00,49,Business Rule,20220726rc,USER_1
9,9,0,0,26/07/2022 10:59:00,49,Business Rule,20220726rc,USER_2
31,31,30,30,26/07/2022 11:23:00,28,Business Rule,20220726rc,USER_3
17,17,97,97,26/07/2022 11:37:00,63,Business Rule,20220726rc,USER_3
48,48,29,29,26/07/2022 11:57:00,56,Business Rule,20220726rc,USER_4
47,47,2,2,26/07/2022 11:59:00,63,Business Rule,20220726rc,USER_1
11,11,41,41,26/07/2022 12:09:00,63,Business Rule,20220726rc,USER_1
38,38,99,99,26/07/2022 12:11:00,56,Business Rule,20220726rc,USER_1
25,25,95,95,26/07/2022 12:13:00,56,Business Rule,20220726rc,USER_2
29,29,99,99,26/07/2022 12:14:00,35,Business Rule,20220726rc,USER_2
35,35,76,76,26/07/2022 12:21:00,56,Business Rule,20220726rc,USER_5
44,44,47,47,26/07/2022 12:22:00,49,Business Rule,20220726rc,USER_2
28,28,70,70,26/07/2022 12:50:00,49,Business Rule,20220726rc,USER_4
41,41,98,98,2/08/2022 8:15:00,35,Business Rule,20220802rc,USER_2
21,21,11,11,2/08/2022 8:32:00,56,Business Rule,20220802rc,USER_4
39,39,7,7,2/08/2022 8:38:00,56,Business Rule,20220802rc,USER_5
49,49,66,66,2/08/2022 8:44:00,56,Business Rule,20220802rc,USER_5
15,15,61,61,2/08/2022 8:56:00,77,Business Rule,20220802rc,USER_5
15,15,65,65,2/08/2022 9:02:00,0,Complaint,20220802c,USER_2
14,14,7,7,2/08/2022 9:06:00,70,Business Rule,20220802rc,USER_4
17,17,98,98,2/08/2022 9:13:00,70,Business Rule,20220802rc,USER_4
28,28,73,73,2/08/2022 9:14:00,56,Business Rule,20220802rc,USER_3
34,34,19,19,2/08/2022 9:25:00,63,Business Rule,20220802rc,USER_1
23,23,38,38,2/08/2022 9:33:00,49,Business Rule,20220802rc,USER_3
5,5,15,15,2/08/2022 9:41:00,49,Business Rule,20220802rc,USER_4
19,19,35,35,2/08/2022 9:42:00,63,Business Rule,20220802rc,USER_2
11,11,83,83,2/08/2022 10:01:00,70,Business Rule,20220802rc,USER_2
9,9,74,74,2/08/2022 10:38:00,56,Business Rule,20220802rc,USER_5
38,38,65,65,2/08/2022 10:40:00,63,Business Rule,20220802rc,USER_3
3,3,6,6,2/08/2022 10:42:00,35,Business Rule,20220802rc,USER_1
10,10,73,73,2/08/2022 10:51:00,14,Business Rule,20220802rc,USER_1
34,34,51,51,2/08/2022 10:58:00,63,Business Rule,20220802rc,USER_3
13,13,5,5,2/08/2022 11:03:00,49,Business Rule,20220802rc,USER_5
3,3,71,71,2/08/2022 11:04:00,35,Business Rule,20220802rc,USER_2
47,47,28,28,2/08/2022 11:10:00,70,Business Rule,20220802rc,USER_3
2,2,26,26,2/08/2022 11:53:00,49,Business Rule,20220802rc,USER_5
19,19,99,99,2/08/2022 12:03:00,63,Business Rule,20220802rc,USER_1
36,36,83,83,2/08/2022 12:14:00,63,Business Rule,20220802rc,USER_1
11,11,66,66,9/08/2022 8:02:00,77,Business Rule,20220809rc,USER_5
48,48,25,25,9/08/2022 8:28:00,70,Business Rule,20220809rc,USER_4
48,48,8,8,9/08/2022 8:41:00,70,Business Rule,20220809rc,USER_1
9,9,50,50,9/08/2022 8:55:00,63,Business Rule,20220809rc,USER_2
46,46,18,18,9/08/2022 9:22:00,63,Business Rule,20220809rc,USER_5
49,49,76,76,9/08/2022 9:33:00,63,Business Rule,20220809rc,USER_4
17,17,47,47,9/08/2022 9:38:00,77,Business Rule,20220809rc,USER_5
37,37,96,96,9/08/2022 9:46:00,77,Business Rule,20220809rc,USER_5
27,27,53,53,9/08/2022 9:46:00,63,Business Rule,20220809rc,USER_4
15,15,60,60,9/08/2022 9:47:00,7,Business Rule,20220809rc,USER_5
21,21,86,86,9/08/2022 10:03:00,63,Business Rule,20220809rc,USER_3
3,3,8,8,9/08/2022 10:28:00,42,Business Rule,20220809rc,USER_5
25,25,29,29,9/08/2022 10:34:00,70,Business Rule,20220809rc,USER_3
13,13,15,15,9/08/2022 10:40:00,56,Business Rule,20220809rc,USER_4
26,26,55,55,9/08/2022 10:43:00,70,Business Rule,20220809rc,USER_4
49,49,62,62,9/08/2022 10:48:00,63,Business Rule,20220809rc,USER_5
2,2,9,9,9/08/2022 10:56:00,56,Business Rule,20220809rc,USER_3
11,11,26,26,9/08/2022 11:08:00,77,Business Rule,20220809rc,USER_2
22,22,96,96,9/08/2022 11:12:00,63,Business Rule,20220809rc,USER_5
43,43,28,28,9/08/2022 11:21:00,63,Business Rule,20220809rc,USER_5
33,33,70,70,9/08/2022 11:34:00,70,Business Rule,20220809rc,USER_2
8,8,4,4,9/08/2022 12:19:00,77,Business Rule,20220809rc,USER_4
10,10,41,41,9/08/2022 12:43:00,21,Business Rule,20220809rc,USER_2
21,21,73,73,9/08/2022 12:44:00,63,Business Rule,20220809rc,USER_1
16,16,34,34,9/08/2022 12:51:00,63,Business Rule,20220809rc,USER_2
14,14,83,83,16/08/2022 8:03:00,84,Business Rule,20220816rc,USER_3
40,40,88,88,16/08/2022 8:07:00,70,Business Rule,20220816rc,USER_1
21,21,47,47,16/08/2022 8:18:00,70,Business Rule,20220816rc,USER_2
19,19,86,86,16/08/2022 8:18:00,77,Business Rule,20220816rc,USER_5
18,18,62,62,16/08/2022 8:54:00,84,Business Rule,20220816rc,USER_2
15,15,51,51,16/08/2022 9:25:00,14,Business Rule,20220816rc,USER_4
29,29,4,4,16/08/2022 9:35:00,56,Business Rule,20220816rc,USER_5
40,40,71,71,16/08/2022 10:04:00,70,Business Rule,20220816rc,USER_1
37,37,62,62,16/08/2022 10:08:00,84,Business Rule,20220816rc,USER_1
38,38,24,24,16/08/2022 10:28:00,77,Business Rule,20220816rc,USER_5
18,18,24,24,16/08/2022 10:33:00,84,Business Rule,20220816rc,USER_5
27,27,31,31,16/08/2022 10:54:00,70,Business Rule,20220816rc,USER_1
36,36,36,36,16/08/2022 10:59:00,77,Business Rule,20220816rc,USER_2
6,6,33,33,16/08/2022 11:03:00,77,Business Rule,20220816rc,USER_5
10,10,84,84,16/08/2022 11:04:00,28,Business Rule,20220816rc,USER_2
41,41,17,17,16/08/2022 11:49:00,49,Business Rule,20220816rc,USER_3
3,3,83,83,16/08/2022 11:51:00,49,Business Rule,20220816rc,USER_1
40,40,9,9,16/08/2022 12:01:00,70,Business Rule,20220816rc,USER_4
21,21,71,71,16/08/2022 12:20:00,70,Business Rule,20220816rc,USER_5
29,29,65,65,16/08/2022 12:24:00,56,Business Rule,20220816rc,USER_1
17,17,84,84,16/08/2022 12:28:00,84,Business Rule,20220816rc,USER_2
24,24,28,28,16/08/2022 12:46:00,77,Business Rule,20220816rc,USER_3
13,13,74,74,16/08/2022 12:47:00,63,Business Rule,20220816rc,USER_3
14,14,82,82,16/08/2022 12:48:00,84,Business Rule,20220816rc,USER_1
22,22,71,71,16/08/2022 12:50:00,70,Business Rule,20220816rc,USER_2
17,17,16,16,23/08/2022 8:03:00,91,Business Rule,20220823rc,USER_3
35,35,2,2,23/08/2022 8:12:00,84,Business Rule,20220823rc,USER_3
9,9,60,60,23/08/2022 8:51:00,77,Business Rule,20220823rc,USER_2
11,11,74,74,23/08/2022 9:04:00,91,Business Rule,20220823rc,USER_1
33,33,92,92,23/08/2022 9:12:00,84,Business Rule,20220823rc,USER_5
50,50,22,22,23/08/2022 9:13:00,91,Business Rule,20220823rc,USER_4
23,23,97,97,23/08/2022 9:17:00,70,Business Rule,20220823rc,USER_1
39,39,71,71,23/08/2022 9:25:00,77,Business Rule,20220823rc,USER_5
5,5,68,68,23/08/2022 9:26:00,70,Business Rule,20220823rc,USER_2
15,15,6,6,23/08/2022 9:28:00,21,Business Rule,20220823rc,USER_2
46,46,27,27,23/08/2022 9:31:00,77,Business Rule,20220823rc,USER_4
35,35,93,93,23/08/2022 9:38:00,84,Business Rule,20220823rc,USER_4
17,17,84,84,23/08/2022 9:39:00,91,Business Rule,20220823rc,USER_1
34,34,89,89,23/08/2022 9:50:00,84,Business Rule,20220823rc,USER_4
28,28,81,81,23/08/2022 10:17:00,77,Business Rule,20220823rc,USER_2
14,14,84,84,23/08/2022 10:25:00,91,Business Rule,20220823rc,USER_1
21,21,78,78,23/08/2022 10:39:00,77,Business Rule,20220823rc,USER_3
15,15,13,13,23/08/2022 10:41:00,21,Business Rule,20220823rc,USER_5
23,23,89,89,23/08/2022 10:55:00,70,Business Rule,20220823rc,USER_5
39,39,27,27,23/08/2022 11:04:00,77,Business Rule,20220823rc,USER_3
32,32,0,0,23/08/2022 11:53:00,91,Business Rule,20220823rc,USER_2
1,1,48,48,23/08/2022 12:00:00,77,Business Rule,20220823rc,USER_2
11,11,44,44,23/08/2022 12:10:00,91,Business Rule,20220823rc,USER_1
8,8,80,80,23/08/2022 12:31:00,91,Business Rule,20220823rc,USER_3
46,46,84,84,23/08/2022 12:48:00,77,Business Rule,20220823rc,USER_1
3,3,14,14,30/08/2022 8:01:00,63,Business Rule,20220830rc,USER_3
41,41,59,59,30/08/2022 8:22:00,63,Business Rule,20220830rc,USER_2
44,44,46,46,30/08/2022 8:26:00,84,Business Rule,20220830rc,USER_4
43,43,19,19,30/08/2022 8:43:00,84,Business Rule,20220830rc,USER_2
29,29,34,34,30/08/2022 8:46:00,70,Business Rule,20220830rc,USER_4
19,19,41,41,30/08/2022 8:49:00,91,Business Rule,20220830rc,USER_2
44,44,50,50,30/08/2022 8:56:00,84,Business Rule,20220830rc,USER_4
42,42,20,20,30/08/2022 9:04:00,77,Business Rule,20220830rc,USER_3
28,28,71,71,30/08/2022 9:08:00,84,Business Rule,20220830rc,USER_4
46,46,20,20,30/08/2022 9:13:00,84,Business Rule,20220830rc,USER_5
32,32,5,5,30/08/2022 9:14:00,98,Business Rule,20220830rc,USER_3
31,31,86,86,30/08/2022 9:46:00,63,Business Rule,20220830rc,USER_5
43,43,61,61,30/08/2022 9:49:00,84,Business Rule,20220830rc,USER_4
28,28,42,42,30/08/2022 9:49:00,84,Business Rule,20220830rc,USER_4
37,37,13,13,30/08/2022 10:02:00,98,Business Rule,20220830rc,USER_3
13,13,5,5,30/08/2022 10:13:00,77,Business Rule,20220830rc,USER_3
7,7,1,1,30/08/2022 10:15:00,91,Business Rule,20220830rc,USER_2
1,1,99,99,30/08/2022 10:23:00,84,Business Rule,20220830rc,USER_1
39,39,49,49,30/08/2022 10:29:00,84,Business Rule,20220830rc,USER_1
14,14,84,84,30/08/2022 10:34:00,98,Business Rule,20220830rc,USER_1
21,21,53,53,30/08/2022 11:06:00,84,Business Rule,20220830rc,USER_2
10,10,72,72,30/08/2022 11:45:00,42,Business Rule,20220830rc,USER_2
2,2,78,78,30/08/2022 12:03:00,77,Business Rule,20220830rc,USER_3
1,1,51,51,30/08/2022 12:49:00,84,Business Rule,20220830rc,USER_3
32,32,56,56,30/08/2022 12:53:00,98,Business Rule,20220830rc,USER_3
21,21,68,68,6/09/2022 8:18:00,91,Business Rule,20220906rc,USER_5
9,9,84,84,6/09/2022 8:32:00,91,Business Rule,20220906rc,USER_2
4,4,41,41,6/09/2022 8:44:00,98,Business Rule,20220906rc,USER_1
31,31,64,64,6/09/2022 8:44:00,70,Business Rule,20220906rc,USER_1
7,7,24,24,6/09/2022 8:57:00,98,Business Rule,20220906rc,USER_5
1,1,34,34,6/09/2022 9:02:00,91,Business Rule,20220906rc,USER_3
1,1,17,17,6/09/2022 9:48:00,91,Business Rule,20220906rc,USER_5
7,7,91,91,6/09/2022 10:17:00,98,Business Rule,20220906rc,USER_1
41,41,50,50,6/09/2022 10:21:00,70,Business Rule,20220906rc,USER_2
39,39,46,46,6/09/2022 10:29:00,91,Business Rule,20220906rc,USER_3
21,21,70,70,6/09/2022 10:31:00,91,Business Rule,20220906rc,USER_4
31,31,58,58,6/09/2022 10:44:00,70,Business Rule,20220906rc,USER_2
19,19,64,64,6/09/2022 11:07:00,98,Business Rule,20220906rc,USER_3
13,13,28,28,6/09/2022 11:14:00,84,Business Rule,20220906rc,USER_1
9,9,64,64,6/09/2022 11:19:00,91,Business Rule,20220906rc,USER_3
24,24,19,19,6/09/2022 11:36:00,98,Business Rule,20220906rc,USER_3
34,34,90,90,6/09/2022 11:36:00,98,Business Rule,20220906rc,USER_2
36,36,91,91,6/09/2022 11:40:00,98,Business Rule,20220906rc,USER_1
34,34,50,50,6/09/2022 12:13:00,98,Business Rule,20220906rc,USER_1
39,39,94,94,6/09/2022 12:19:00,91,Business Rule,20220906rc,USER_5
3,3,72,72,6/09/2022 12:28:00,70,Business Rule,20220906rc,USER_1
8,8,31,31,6/09/2022 12:34:00,105,Business Rule,20220906rc,USER_3
7,7,82,82,6/09/2022 12:36:00,98,Business Rule,20220906rc,USER_3
30,30,8,8,6/09/2022 12:42:00,105,Business Rule,20220906rc,USER_1
20,20,6,6,6/09/2022 12:47:00,98,Business Rule,20220906rc,USER_5
47,47,68,68,13/09/2022 8:04:00,112,Business Rule,20220913rc,USER_4
18,18,5,5,13/09/2022 8:10:00,112,Business Rule,20220913rc,USER_5
32,32,28,28,13/09/2022 8:22:00,112,Business Rule,20220913rc,USER_2
46,46,97,97,13/09/2022 8:26:00,98,Business Rule,20220913rc,USER_3
50,50,19,19,13/09/2022 8:41:00,112,Business Rule,20220913rc,USER_2
37,37,96,96,13/09/2022 8:46:00,112,Business Rule,20220913rc,USER_3
5,5,20,20,13/09/2022 9:22:00,91,Business Rule,20220913rc,USER_1
48,48,67,67,13/09/2022 9:25:00,105,Business Rule,20220913rc,USER_3
24,24,69,69,13/09/2022 9:44:00,105,Business Rule,20220913rc,USER_3
44,44,19,19,13/09/2022 10:10:00,98,Business Rule,20220913rc,USER_4
4,4,39,39,13/09/2022 10:35:00,105,Business Rule,20220913rc,USER_5
44,44,11,11,13/09/2022 10:51:00,98,Business Rule,20220913rc,USER_3
20,20,22,22,13/09/2022 11:08:00,105,Business Rule,20220913rc,USER_2
34,34,75,75,13/09/2022 11:30:00,105,Business Rule,20220913rc,USER_5
31,31,41,41,13/09/2022 11:32:00,77,Business Rule,20220913rc,USER_3
31,31,34,34,13/09/2022 11:33:00,77,Business Rule,20220913rc,USER_4
28,28,63,63,13/09/2022 11:36:00,98,Business Rule,20220913rc,USER_3
3,3,98,98,13/09/2022 11:36:00,77,Business Rule,20220913rc,USER_2
16,16,25,25,13/09/2022 11:41:00,98,Business Rule,20220913rc,USER_2
23,23,93,93,13/09/2022 11:52:00,91,Business Rule,20220913rc,USER_2
9,9,95,95,13/09/2022 12:00:00,98,Business Rule,20220913rc,USER_2
48,48,98,98,13/09/2022 12:29:00,105,Business Rule,20220913rc,USER_5
4,4,50,50,13/09/2022 12:35:00,105,Business Rule,20220913rc,USER_4
29,29,67,67,13/09/2022 12:38:00,84,Business Rule,20220913rc,USER_2
31,31,48,48,13/09/2022 12:42:00,77,Business Rule,20220913rc,USER_5
49,49,86,86,20/09/2022 8:34:00,105,Business Rule,20220920rc,USER_1
50,50,25,25,20/09/2022 8:49:00,119,Business Rule,20220920rc,USER_2
6,6,75,75,20/09/2022 9:31:00,112,Business Rule,20220920rc,USER_3
7,7,40,40,20/09/2022 9:51:00,112,Business Rule,20220920rc,USER_2
41,41,51,51,20/09/2022 10:01:00,84,Business Rule,20220920rc,USER_3
33,33,97,97,20/09/2022 10:03:00,112,Business Rule,20220920rc,USER_2
44,44,90,90,20/09/2022 10:04:00,105,Business Rule,20220920rc,USER_1
46,46,86,86,20/09/2022 10:08:00,105,Business Rule,20220920rc,USER_1
2,2,72,72,20/09/2022 10:34:00,98,Business Rule,20220920rc,USER_2
9,9,93,93,20/09/2022 10:37:00,105,Business Rule,20220920rc,USER_3
44,44,41,41,20/09/2022 10:51:00,105,Business Rule,20220920rc,USER_4
10,10,84,84,20/09/2022 10:53:00,63,Business Rule,20220920rc,USER_3
34,34,64,64,20/09/2022 11:20:00,112,Business Rule,20220920rc,USER_5
16,16,5,5,20/09/2022 11:22:00,105,Business Rule,20220920rc,USER_2
37,37,59,59,20/09/2022 11:26:00,119,Business Rule,20220920rc,USER_1
11,11,1,1,20/09/2022 11:35:00,119,Business Rule,20220920rc,USER_1
24,24,56,56,20/09/2022 11:41:00,112,Business Rule,20220920rc,USER_5
21,21,86,86,20/09/2022 11:42:00,105,Business Rule,20220920rc,USER_3
32,32,56,56,20/09/2022 11:44:00,119,Business Rule,20220920rc,USER_1
37,37,52,52,20/09/2022 11:54:00,119,Business Rule,20220920rc,USER_2
45,45,0,0,20/09/2022 12:08:00,112,Business Rule,20220920rc,USER_1
2,2,36,36,20/09/2022 12:17:00,98,Business Rule,20220920rc,USER_2
20,20,89,89,20/09/2022 12:30:00,112,Business Rule,20220920rc,USER_5
29,29,70,70,20/09/2022 12:52:00,91,Business Rule,20220920rc,USER_5
8,8,61,61,20/09/2022 12:56:00,119,Business Rule,20220920rc,USER_3
1,1,78,78,27/09/2022 8:11:00,112,Business Rule,20220927rc,USER_3
3,3,55,55,27/09/2022 8:32:00,91,Business Rule,20220927rc,USER_2
15,15,40,40,27/09/2022 9:34:00,56,Business Rule,20220927rc,USER_2
25,25,71,71,27/09/2022 9:36:00,119,Business Rule,20220927rc,USER_4
1,1,41,41,27/09/2022 9:40:00,112,Business Rule,20220927rc,USER_3
47,47,14,14,27/09/2022 9:44:00,126,Business Rule,20220927rc,USER_3
22,22,9,9,27/09/2022 9:48:00,112,Business Rule,20220927rc,USER_1
35,35,8,8,27/09/2022 9:52:00,119,Business Rule,20220927rc,USER_3
46,46,97,97,27/09/2022 10:09:00,112,Business Rule,20220927rc,USER_3
14,14,31,31,27/09/2022 10:17:00,126,Business Rule,20220927rc,USER_4
44,44,57,57,27/09/2022 10:17:00,112,Business Rule,20220927rc,USER_3
15,15,33,33,27/09/2022 10:20:00,56,Business Rule,20220927rc,USER_4
42,42,22,22,27/09/2022 10:20:00,105,Business Rule,20220927rc,USER_5
31,31,4,4,27/09/2022 10:31:00,91,Business Rule,20220927rc,USER_1
31,31,56,56,27/09/2022 10:34:00,91,Business Rule,20220927rc,USER_4
35,35,96,96,27/09/2022 10:39:00,119,Business Rule,20220927rc,USER_4
22,22,35,35,27/09/2022 10:59:00,112,Business Rule,20220927rc,USER_5
10,10,9,9,27/09/2022 11:03:00,70,Business Rule,20220927rc,USER_2
26,26,74,74,27/09/2022 11:20:00,119,Business Rule,20220927rc,USER_1
43,43,81,81,27/09/2022 11:23:00,112,Business Rule,20220927rc,USER_4
48,48,69,69,27/09/2022 11:34:00,119,Business Rule,20220927rc,USER_1
47,47,57,57,27/09/2022 11:53:00,126,Business Rule,20220927rc,USER_3
31,31,3,3,27/09/2022 11:59:00,91,Business Rule,20220927rc,USER_1
38,38,31,31,27/09/2022 12:08:00,119,Business Rule,20220927rc,USER_5
5,5,9,9,27/09/2022 12:32:00,105,Business Rule,20220927rc,USER_1
32,32,76,76,4/10/2022 8:05:00,133,Business Rule,20221004rc,USER_2
40,40,26,26,4/10/2022 8:31:00,119,Business Rule,20221004rc,USER_3
22,22,61,61,4/10/2022 8:33:00,119,Business Rule,20221004rc,USER_1
17,17,27,27,4/10/2022 8:33:00,133,Business Rule,20221004rc,USER_5
8,8,28,28,4/10/2022 8:45:00,133,Business Rule,20221004rc,USER_2
27,27,10,10,4/10/2022 8:48:00,119,Business Rule,20221004rc,USER_4
2,2,39,39,4/10/2022 8:53:00,112,Business Rule,20221004rc,USER_5
36,36,49,49,4/10/2022 9:06:00,126,Business Rule,20221004rc,USER_5
21,21,8,8,4/10/2022 9:20:00,119,Business Rule,20221004rc,USER_4
38,38,48,48,4/10/2022 9:38:00,126,Business Rule,20221004rc,USER_4
32,32,55,55,4/10/2022 9:46:00,133,Business Rule,20221004rc,USER_2
43,43,41,41,4/10/2022 9:50:00,119,Business Rule,20221004rc,USER_3
14,14,97,97,4/10/2022 9:57:00,133,Business Rule,20221004rc,USER_3
25,25,28,28,4/10/2022 10:43:00,126,Business Rule,20221004rc,USER_5
46,46,20,20,4/10/2022 10:44:00,119,Business Rule,20221004rc,USER_5
24,24,35,35,4/10/2022 10:45:00,126,Business Rule,20221004rc,USER_5
3,3,40,40,4/10/2022 11:08:00,98,Business Rule,20221004rc,USER_2
47,47,20,20,4/10/2022 11:20:00,133,Business Rule,20221004rc,USER_3
27,27,11,11,4/10/2022 11:27:00,119,Business Rule,20221004rc,USER_2
42,42,56,56,4/10/2022 11:49:00,112,Business Rule,20221004rc,USER_5
29,29,45,45,4/10/2022 11:52:00,105,Business Rule,20221004rc,USER_1
11,11,92,92,4/10/2022 11:58:00,133,Business Rule,20221004rc,USER_3
50,50,27,27,4/10/2022 12:17:00,133,Business Rule,20221004rc,USER_4
22,22,43,43,4/10/2022 12:50:00,119,Business Rule,20221004rc,USER_4
45,45,30,30,4/10/2022 12:52:00,126,Business Rule,20221004rc,USER_4
36,36,83,83,11/10/2022 8:10:00,133,Business Rule,20221011rc,USER_2
30,30,29,29,11/10/2022 8:21:00,140,Business Rule,20221011rc,USER_2
7,7,79,79,11/10/2022 8:22:00,133,Business Rule,20221011rc,USER_3
6,6,16,16,11/10/2022 8:25:00,133,Business Rule,20221011rc,USER_5
25,25,73,73,11/10/2022 8:33:00,133,Business Rule,20221011rc,USER_4
15,15,14,14,11/10/2022 8:42:00,70,Business Rule,20221011rc,USER_5
38,38,32,32,11/10/2022 8:46:00,133,Business Rule,20221011rc,USER_2
28,28,35,35,11/10/2022 9:14:00,126,Business Rule,20221011rc,USER_5
26,26,35,35,11/10/2022 9:19:00,133,Business Rule,20221011rc,USER_2
25,25,20,20,11/10/2022 9:37:00,133,Business Rule,20221011rc,USER_3
6,6,37,37,11/10/2022 9:38:00,133,Business Rule,20221011rc,USER_3
47,47,86,86,11/10/2022 10:01:00,140,Business Rule,20221011rc,USER_3
15,15,7,7,11/10/2022 10:25:00,70,Business Rule,20221011rc,USER_1
36,36,48,48,11/10/2022 11:12:00,133,Business Rule,20221011rc,USER_3
37,37,8,8,11/10/2022 11:24:00,140,Business Rule,20221011rc,USER_3
12,12,7,7,11/10/2022 11:25:00,140,Business Rule,20221011rc,USER_1
40,40,15,15,11/10/2022 11:37:00,126,Business Rule,20221011rc,USER_1
26,26,98,98,11/10/2022 11:46:00,133,Business Rule,20221011rc,USER_3
44,44,84,84,11/10/2022 11:48:00,126,Business Rule,20221011rc,USER_4
43,43,41,41,11/10/2022 11:49:00,126,Business Rule,20221011rc,USER_5
47,47,21,21,11/10/2022 12:08:00,140,Business Rule,20221011rc,USER_5
36,36,97,97,11/10/2022 12:16:00,133,Business Rule,20221011rc,USER_1
19,19,43,43,11/10/2022 12:28:00,133,Business Rule,20221011rc,USER_4
9,9,64,64,11/10/2022 12:36:00,126,Business Rule,20221011rc,USER_4
30,30,45,45,11/10/2022 12:52:00,140,Business Rule,20221011rc,USER_3
31,31,74,74,18/10/2022 8:04:00,112,Business Rule,20221018rc,USER_2
14,14,25,25,18/10/2022 8:15:00,147,Business Rule,20221018rc,USER_2
7,7,83,83,18/10/2022 8:27:00,140,Business Rule,20221018rc,USER_4
35,35,28,28,18/10/2022 8:37:00,140,Business Rule,20221018rc,USER_3
4,4,32,32,18/10/2022 8:52:00,140,Business Rule,20221018rc,USER_5
1,1,14,14,18/10/2022 8:57:00,133,Business Rule,20221018rc,USER_5
18,18,85,85,18/10/2022 9:00:00,147,Business Rule,20221018rc,USER_1
38,38,74,74,18/10/2022 9:16:00,140,Business Rule,20221018rc,USER_2
48,48,64,64,18/10/2022 9:47:00,140,Business Rule,20221018rc,USER_1
48,48,94,94,18/10/2022 9:52:00,140,Business Rule,20221018rc,USER_5
4,4,57,57,18/10/2022 10:07:00,140,Business Rule,20221018rc,USER_2
25,25,81,81,18/10/2022 10:11:00,140,Business Rule,20221018rc,USER_4
9,9,20,20,18/10/2022 10:11:00,133,Business Rule,20221018rc,USER_5
17,17,34,34,18/10/2022 10:24:00,147,Business Rule,20221018rc,USER_5
9,9,65,65,18/10/2022 10:25:00,133,Business Rule,20221018rc,USER_5
1,1,64,64,18/10/2022 10:33:00,133,Business Rule,20221018rc,USER_3
22,22,28,28,18/10/2022 10:35:00,133,Business Rule,20221018rc,USER_5
3,3,68,68,18/10/2022 10:36:00,112,Business Rule,20221018rc,USER_4
48,48,10,10,18/10/2022 10:53:00,140,Business Rule,20221018rc,USER_3
38,38,86,86,18/10/2022 11:04:00,140,Business Rule,20221018rc,USER_3
45,45,77,77,18/10/2022 11:18:00,140,Business Rule,20221018rc,USER_2
26,26,41,41,18/10/2022 11:38:00,140,Business Rule,20221018rc,USER_4
34,34,2,2,18/10/2022 11:39:00,140,Business Rule,20221018rc,USER_3
34,34,99,99,18/10/2022 12:12:00,140,Business Rule,20221018rc,USER_1
41,41,98,98,18/10/2022 12:54:00,112,Business Rule,20221018rc,USER_4
23,23,26,26,25/10/2022 8:03:00,133,Business Rule,20221025rc,USER_2
9,9,20,20,25/10/2022 8:17:00,140,Business Rule,20221025rc,USER_3
26,26,21,21,25/10/2022 8:18:00,147,Business Rule,20221025rc,USER_3
21,21,10,10,25/10/2022 8:24:00,140,Business Rule,20221025rc,USER_3
37,37,93,93,25/10/2022 8:26:00,154,Business Rule,20221025rc,USER_4
34,34,8,8,25/10/2022 8:36:00,147,Business Rule,20221025rc,USER_5
35,35,100,100,25/10/2022 8:46:00,147,Business Rule,20221025rc,USER_5
14,14,68,68,25/10/2022 8:56:00,154,Business Rule,20221025rc,USER_5
38,38,88,88,25/10/2022 9:48:00,147,Business Rule,20221025rc,USER_4
2,2,30,30,25/10/2022 9:50:00,133,Business Rule,20221025rc,USER_1
15,15,21,21,25/10/2022 10:06:00,84,Business Rule,20221025rc,USER_5
17,17,87,87,25/10/2022 10:13:00,154,Business Rule,20221025rc,USER_2
12,12,94,94,25/10/2022 10:21:00,154,Business Rule,20221025rc,USER_4
41,41,69,69,25/10/2022 10:31:00,119,Business Rule,20221025rc,USER_5
15,15,87,87,25/10/2022 10:52:00,84,Business Rule,20221025rc,USER_1
29,29,55,55,25/10/2022 11:10:00,126,Business Rule,20221025rc,USER_3
20,20,63,63,25/10/2022 11:11:00,147,Business Rule,20221025rc,USER_5
14,14,8,8,25/10/2022 11:22:00,154,Business Rule,20221025rc,USER_3
26,26,96,96,25/10/2022 11:24:00,147,Business Rule,20221025rc,USER_5
46,46,89,89,25/10/2022 11:42:00,140,Business Rule,20221025rc,USER_3
11,11,19,19,25/10/2022 12:17:00,154,Business Rule,20221025rc,USER_1
11,11,97,97,25/10/2022 12:45:00,154,Business Rule,20221025rc,USER_4
3,3,35,35,25/10/2022 12:56:00,119,Business Rule,20221025rc,USER_3
2,2,50,50,25/10/2022 12:57:00,133,Business Rule,20221025rc,USER_5
27,27,32,32,25/10/2022 12:58:00,140,Business Rule,20221025rc,USER_1
16,16,3,3,1/11/2022 8:08:00,147,Business Rule,20221101rc,USER_2
14,14,31,31,1/11/2022 8:10:00,161,Business Rule,20221101rc,USER_5
16,16,47,47,1/11/2022 8:23:00,147,Business Rule,20221101rc,USER_1
35,35,42,42,1/11/2022 9:24:00,154,Business Rule,20221101rc,USER_4
28,28,55,55,1/11/2022 9:32:00,147,Business Rule,20221101rc,USER_3
43,43,82,82,1/11/2022 9:41:00,147,Business Rule,20221101rc,USER_1
9,9,10,10,1/11/2022 9:47:00,147,Business Rule,20221101rc,USER_4
26,26,18,18,1/11/2022 10:09:00,154,Business Rule,20221101rc,USER_4
47,47,64,64,1/11/2022 10:26:00,161,Business Rule,20221101rc,USER_2
34,34,70,70,1/11/2022 10:35:00,154,Business Rule,20221101rc,USER_1
11,11,71,71,1/11/2022 10:43:00,161,Business Rule,20221101rc,USER_3
7,7,70,70,1/11/2022 10:48:00,154,Business Rule,20221101rc,USER_3
29,29,23,23,1/11/2022 10:57:00,133,Business Rule,20221101rc,USER_2
30,30,2,2,1/11/2022 11:05:00,161,Business Rule,20221101rc,USER_1
32,32,85,85,1/11/2022 11:30:00,161,Business Rule,20221101rc,USER_1
11,11,27,27,1/11/2022 11:46:00,161,Business Rule,20221101rc,USER_2
31,31,35,35,1/11/2022 12:00:00,126,Business Rule,20221101rc,USER_3
26,26,58,58,1/11/2022 12:04:00,154,Business Rule,20221101rc,USER_3
9,9,5,5,1/11/2022 12:10:00,147,Business Rule,20221101rc,USER_3
8,8,35,35,1/11/2022 12:14:00,161,Business Rule,20221101rc,USER_5
15,15,72,72,1/11/2022 12:16:00,91,Business Rule,20221101rc,USER_3
22,22,76,76,1/11/2022 12:25:00,147,Business Rule,20221101rc,USER_2
37,37,49,49,1/11/2022 12:39:00,161,Business Rule,20221101rc,USER_1
25,25,57,57,1/11/2022 12:46:00,154,Business Rule,20221101rc,USER_3
7,7,83,83,1/11/2022 12:59:00,154,Business Rule,20221101rc,USER_1
21,21,32,32,8/11/2022 8:09:00,154,Business Rule,20221108rc,USER_1
31,31,91,91,8/11/2022 8:50:00,133,Business Rule,20221108rc,USER_5
42,42,12,12,8/11/2022 9:01:00,147,Business Rule,20221108rc,USER_4
31,31,29,29,8/11/2022 9:02:00,133,Business Rule,20221108rc,USER_1
31,31,74,74,8/11/2022 9:14:00,133,Business Rule,20221108rc,USER_5
38,38,5,5,8/11/2022 9:25:00,161,Business Rule,20221108rc,USER_1
31,31,13,13,8/11/2022 9:25:00,133,Business Rule,20221108rc,USER_5
35,35,67,67,8/11/2022 9:45:00,161,Business Rule,20221108rc,USER_1
1,1,71,71,8/11/2022 9:46:00,154,Business Rule,20221108rc,USER_5
9,9,0,0,8/11/2022 9:54:00,154,Business Rule,20221108rc,USER_3
24,24,46,46,8/11/2022 9:57:00,161,Business Rule,20221108rc,USER_4
42,42,81,81,8/11/2022 10:44:00,147,Business Rule,20221108rc,USER_1
22,22,73,73,8/11/2022 10:45:00,154,Business Rule,20221108rc,USER_4
42,42,72,72,8/11/2022 10:45:00,147,Business Rule,20221108rc,USER_1
12,12,90,90,8/11/2022 10:46:00,168,Business Rule,20221108rc,USER_5
2,2,92,92,8/11/2022 10:57:00,147,Business Rule,20221108rc,USER_1
46,46,22,22,8/11/2022 11:10:00,154,Business Rule,20221108rc,USER_2
2,2,93,93,8/11/2022 11:24:00,147,Business Rule,20221108rc,USER_2
29,29,19,19,8/11/2022 11:31:00,140,Business Rule,20221108rc,USER_5
26,26,25,25,8/11/2022 11:35:00,161,Business Rule,20221108rc,USER_5
15,15,55,55,8/11/2022 11:57:00,98,Business Rule,20221108rc,USER_5
9,9,67,67,8/11/2022 11:59:00,154,Business Rule,20221108rc,USER_2
19,19,75,75,8/11/2022 12:24:00,161,Business Rule,20221108rc,USER_3
12,12,99,99,8/11/2022 12:25:00,168,Business Rule,20221108rc,USER_3
10,10,2,2,8/11/2022 12:55:00,112,Business Rule,20221108rc,USER_3
15,15,87,87,15/11/2022 8:08:00,105,Business Rule,20221115rc,USER_3
36,36,91,91,15/11/2022 8:20:00,168,Business Rule,20221115rc,USER_3
32,32,80,80,15/11/2022 8:25:00,175,Business Rule,20221115rc,USER_5
44,44,58,58,15/11/2022 8:39:00,161,Business Rule,20221115rc,USER_3
33,33,60,60,15/11/2022 8:54:00,168,Business Rule,20221115rc,USER_2
30,30,17,17,15/11/2022 8:54:00,175,Business Rule,20221115rc,USER_4
48,48,72,72,15/11/2022 8:59:00,168,Business Rule,20221115rc,USER_5
45,45,23,23,15/11/2022 8:59:00,168,Business Rule,20221115rc,USER_2
25,25,56,56,15/11/2022 9:08:00,168,Business Rule,20221115rc,USER_3
21,21,77,77,15/11/2022 9:17:00,161,Business Rule,20221115rc,USER_1
41,41,10,10,15/11/2022 9:27:00,140,Business Rule,20221115rc,USER_1
34,34,94,94,15/11/2022 9:40:00,168,Business Rule,20221115rc,USER_1
20,20,42,42,15/11/2022 9:43:00,168,Business Rule,20221115rc,USER_3
10,10,52,52,15/11/2022 9:46:00,119,Business Rule,20221115rc,USER_5
26,26,81,81,15/11/2022 10:02:00,168,Business Rule,20221115rc,USER_2
40,40,73,73,15/11/2022 10:21:00,161,Business Rule,20221115rc,USER_2
48,48,10,10,15/11/2022 10:25:00,168,Business Rule,20221115rc,USER_5
7,7,75,75,15/11/2022 10:43:00,168,Business Rule,20221115rc,USER_5
17,17,23,23,15/11/2022 11:01:00,175,Business Rule,20221115rc,USER_4
38,38,23,23,15/11/2022 11:16:00,168,Business Rule,20221115rc,USER_1
31,31,52,52,15/11/2022 11:55:00,140,Business Rule,20221115rc,USER_1
4,4,64,64,15/11/2022 12:16:00,168,Business Rule,20221115rc,USER_1
6,6,74,74,15/11/2022 12:34:00,168,Business Rule,20221115rc,USER_5
11,11,87,87,15/11/2022 12:41:00,175,Business Rule,20221115rc,USER_5
28,28,86,86,15/11/2022 12:48:00,161,Business Rule,20221115rc,USER_2
49,49,32,32,22/11/2022 8:00:00,168,Business Rule,20221122rc,USER_2
46,46,51,51,22/11/2022 8:00:00,168,Business Rule,20221122rc,USER_5
3,3,88,88,22/11/2022 8:31:00,147,Business Rule,20221122rc,USER_2
47,47,43,43,22/11/2022 8:37:00,182,Business Rule,20221122rc,USER_3
32,32,57,57,22/11/2022 8:38:00,182,Business Rule,20221122rc,USER_1
46,46,10,10,22/11/2022 9:02:00,168,Business Rule,20221122rc,USER_3
43,43,63,63,22/11/2022 9:20:00,168,Business Rule,20221122rc,USER_1
49,49,86,86,22/11/2022 9:31:00,168,Business Rule,20221122rc,USER_3
1,1,19,19,22/11/2022 9:36:00,168,Business Rule,20221122rc,USER_1
42,42,16,16,22/11/2022 9:47:00,161,Business Rule,20221122rc,USER_5
5,5,5,5,22/11/2022 10:13:00,161,Business Rule,20221122rc,USER_1
49,49,84,84,22/11/2022 10:13:00,168,Business Rule,20221122rc,USER_1
2,2,39,39,22/11/2022 10:48:00,161,Business Rule,20221122rc,USER_3
40,40,73,73,22/11/2022 10:56:00,168,Business Rule,20221122rc,USER_4
38,38,16,16,22/11/2022 11:18:00,175,Business Rule,20221122rc,USER_1
26,26,32,32,22/11/2022 11:27:00,175,Business Rule,20221122rc,USER_4
1,1,57,57,22/11/2022 11:31:00,168,Business Rule,20221122rc,USER_5
24,24,58,58,22/11/2022 11:54:00,175,Business Rule,20221122rc,USER_2
20,20,10,10,22/11/2022 12:26:00,175,Business Rule,20221122rc,USER_3
43,43,33,33,22/11/2022 12:28:00,168,Business Rule,20221122rc,USER_3
22,22,54,54,22/11/2022 12:35:00,168,Business Rule,20221122rc,USER_1
8,8,12,12,22/11/2022 12:42:00,182,Business Rule,20221122rc,USER_5
4,4,81,81,22/11/2022 12:49:00,175,Business Rule,20221122rc,USER_1
20,20,17,17,22/11/2022 12:59:00,175,Business Rule,20221122rc,USER_3
47,47,10,10,22/11/2022 12:59:00,182,Business Rule,20221122rc,USER_5
32,32,46,46,29/11/2022 8:19:00,189,Business Rule,20221129rc,USER_2
15,15,76,76,29/11/2022 8:25:00,119,Business Rule,20221129rc,USER_1
48,48,32,32,29/11/2022 8:52:00,182,Business Rule,20221129rc,USER_4
49,49,3,3,29/11/2022 8:56:00,175,Business Rule,20221129rc,USER_4
2,2,19,19,29/11/2022 8:59:00,168,Business Rule,20221129rc,USER_5
3,3,84,84,29/11/2022 9:21:00,154,Business Rule,20221129rc,USER_4
27,27,78,78,29/11/2022 9:24:00,175,Business Rule,20221129rc,USER_4
42,42,49,49,29/11/2022 9:26:00,168,Business Rule,20221129rc,USER_5
9,9,30,30,29/11/2022 9:46:00,175,Business Rule,20221129rc,USER_3
1,1,37,37,29/11/2022 9:50:00,175,Business Rule,20221129rc,USER_5
1,1,83,83,29/11/2022 10:04:00,175,Business Rule,20221129rc,USER_5
6,6,63,63,29/11/2022 10:14:00,182,Business Rule,20221129rc,USER_2
15,15,19,19,29/11/2022 10:30:00,119,Business Rule,20221129rc,USER_5
22,22,80,80,29/11/2022 10:40:00,175,Business Rule,20221129rc,USER_1
35,35,19,19,29/11/2022 10:45:00,182,Business Rule,20221129rc,USER_1
38,38,27,27,29/11/2022 11:15:00,182,Business Rule,20221129rc,USER_2
33,33,91,91,29/11/2022 11:22:00,182,Business Rule,20221129rc,USER_2
46,46,46,46,29/11/2022 11:42:00,175,Business Rule,20221129rc,USER_4
31,31,35,35,29/11/2022 11:56:00,154,Business Rule,20221129rc,USER_2
2,2,67,67,29/11/2022 12:14:00,168,Business Rule,20221129rc,USER_3
40,40,31,31,29/11/2022 12:15:00,175,Business Rule,20221129rc,USER_2
18,18,2,2,29/11/2022 12:17:00,189,Business Rule,20221129rc,USER_2
20,20,60,60,29/11/2022 12:20:00,182,Business Rule,20221129rc,USER_2
38,38,48,48,29/11/2022 12:29:00,182,Business Rule,20221129rc,USER_1
18,18,91,91,29/11/2022 12:49:00,189,Business Rule,20221129rc,USER_4
20,20,85,85,6/12/2022 8:08:00,189,Business Rule,20221206rc,USER_4
20,20,95,95,6/12/2022 8:27:00,189,Business Rule,20221206rc,USER_3
21,21,20,20,6/12/2022 8:31:00,182,Business Rule,20221206rc,USER_3
28,28,39,39,6/12/2022 8:40:00,182,Business Rule,20221206rc,USER_3
11,11,64,64,6/12/2022 8:44:00,196,Business Rule,20221206rc,USER_4
38,38,92,92,6/12/2022 8:45:00,189,Business Rule,20221206rc,USER_5
9,9,99,99,6/12/2022 8:47:00,182,Business Rule,20221206rc,USER_1
20,20,52,52,6/12/2022 8:52:00,189,Business Rule,20221206rc,USER_5
46,46,27,27,6/12/2022 9:02:00,182,Business Rule,20221206rc,USER_2
24,24,5,5,6/12/2022 9:09:00,189,Business Rule,20221206rc,USER_3
45,45,73,73,6/12/2022 9:28:00,189,Business Rule,20221206rc,USER_5
40,40,79,79,6/12/2022 10:27:00,182,Business Rule,20221206rc,USER_2
16,16,33,33,6/12/2022 10:28:00,182,Business Rule,20221206rc,USER_5
21,21,54,54,6/12/2022 10:48:00,182,Business Rule,20221206rc,USER_1
4,4,92,92,6/12/2022 11:06:00,189,Business Rule,20221206rc,USER_4
10,10,88,88,6/12/2022 11:07:00,140,Business Rule,20221206rc,USER_2
10,10,50,50,6/12/2022 11:26:00,140,Business Rule,20221206rc,USER_1
18,18,85,85,6/12/2022 11:34:00,196,Business Rule,20221206rc,USER_1
45,45,50,50,6/12/2022 11:38:00,189,Business Rule,20221206rc,USER_1
43,43,22,22,6/12/2022 11:45:00,182,Business Rule,20221206rc,USER_4
5,5,47,47,6/12/2022 12:04:00,175,Business Rule,20221206rc,USER_3
8,8,84,84,6/12/2022 12:12:00,196,Business Rule,20221206rc,USER_3
46,46,31,31,6/12/2022 12:17:00,182,Business Rule,20221206rc,USER_4
26,26,83,83,6/12/2022 12:26:00,189,Business Rule,20221206rc,USER_3
16,16,99,99,6/12/2022 12:53:00,182,Business Rule,20221206rc,USER_4
41,41,18,71,13/12/2022 8:16:00,168,Business Rule,20221213rc,USER_4
37,37,29,70,13/12/2022 8:24:00,203,Business Rule,20221213rc,USER_1
31,31,14,14,13/12/2022 8:37:00,168,Business Rule,20221213rc,USER_4
10,10,56,56,13/12/2022 9:01:00,147,Business Rule,20221213rc,USER_4
39,39,85,85,13/12/2022 9:22:00,189,Business Rule,20221213rc,USER_4
18,18,87,93,13/12/2022 9:31:00,203,Business Rule,20221213rc,USER_2
26,26,96,96,13/12/2022 9:33:00,196,Business Rule,20221213rc,USER_4
21,21,79,79,13/12/2022 9:37:00,189,Business Rule,20221213rc,USER_5
43,43,33,33,13/12/2022 9:40:00,189,Business Rule,20221213rc,USER_3
8,8,12,52,13/12/2022 9:59:00,203,Business Rule,20221213rc,USER_3
3,3,7,11,13/12/2022 10:09:00,168,Business Rule,20221213rc,USER_2
46,46,100,2,13/12/2022 10:21:00,189,Business Rule,20221213rc,USER_5
18,18,18,18,13/12/2022 10:44:00,203,Business Rule,20221213rc,USER_5
26,26,71,71,13/12/2022 11:13:00,196,Business Rule,20221213rc,USER_4
38,38,26,21,13/12/2022 11:16:00,196,Business Rule,20221213rc,USER_1
12,12,33,84,13/12/2022 11:45:00,203,Business Rule,20221213rc,USER_4
31,31,5,49,13/12/2022 12:01:00,168,Business Rule,20221213rc,USER_5
26,26,26,26,13/12/2022 12:02:00,196,Business Rule,20221213rc,USER_2
33,33,87,6,13/12/2022 12:22:00,196,Business Rule,20221213rc,USER_3
33,33,62,62,13/12/2022 12:33:00,196,Business Rule,20221213rc,USER_1
6,6,22,22,13/12/2022 12:39:00,196,Business Rule,20221213rc,USER_2
9,9,19,19,13/12/2022 12:41:00,189,Business Rule,20221213rc,USER_1
11,11,70,17,13/12/2022 12:42:00,203,Business Rule,20221213rc,USER_4
38,38,7,45,13/12/2022 12:43:00,196,Business Rule,20221213rc,USER_5
31,31,82,13,13/12/2022 12:59:00,168,Business Rule,20221213rc,USER_4
30,30,55,28,20/12/2022 8:04:00,210,Business Rule,20221220rc,USER_2
13,13,82,66,20/12/2022 8:26:00,189,Business Rule,20221220rc,USER_3
17,17,51,77,20/12/2022 9:03:00,210,Business Rule,20221220rc,USER_3
13,13,6,84,20/12/2022 9:05:00,189,Business Rule,20221220rc,USER_5
38,38,39,61,20/12/2022 9:42:00,203,Business Rule,20221220rc,USER_5
23,23,51,24,20/12/2022 9:51:00,189,Business Rule,20221220rc,USER_1
23,23,31,7,20/12/2022 9:54:00,189,Business Rule,20221220rc,USER_2
18,18,10,53,20/12/2022 10:07:00,210,Business Rule,20221220rc,USER_5
30,30,89,94,20/12/2022 10:22:00,210,Business Rule,20221220rc,USER_1
13,13,10,49,20/12/2022 10:33:00,189,Business Rule,20221220rc,USER_5
50,50,15,81,20/12/2022 10:43:00,210,Business Rule,20221220rc,USER_2
32,32,81,62,20/12/2022 10:48:00,210,Business Rule,20221220rc,USER_3
48,48,75,35,20/12/2022 10:56:00,203,Business Rule,20221220rc,USER_5
30,30,13,46,20/12/2022 11:14:00,210,Business Rule,20221220rc,USER_4
6,6,54,55,20/12/2022 11:22:00,203,Business Rule,20221220rc,USER_4
16,16,15,52,20/12/2022 11:24:00,196,Business Rule,20221220rc,USER_4
32,32,33,92,20/12/2022 11:46:00,210,Business Rule,20221220rc,USER_4
20,20,7,7,20/12/2022 11:55:00,203,Business Rule,20221220rc,USER_1
5,5,77,35,20/12/2022 12:00:00,189,Business Rule,20221220rc,USER_2
18,18,11,17,20/12/2022 12:01:00,210,Business Rule,20221220rc,USER_5
29,29,94,98,20/12/2022 12:24:00,182,Business Rule,20221220rc,USER_1
4,4,6,10,20/12/2022 12:26:00,203,Business Rule,20221220rc,USER_2
13,13,18,58,20/12/2022 12:40:00,189,Business Rule,20221220rc,USER_3
22,22,58,37,20/12/2022 12:57:00,196,Business Rule,20221220rc,USER_1
14,14,26,81,20/12/2022 12:59:00,210,Business Rule,20221220rc,USER_4
29,29,16,56,27/12/2022 8:09:00,189,Business Rule,20221227rc,USER_3
6,6,42,98,27/12/2022 8:20:00,210,Business Rule,20221227rc,USER_1
9,9,12,76,27/12/2022 8:20:00,203,Business Rule,20221227rc,USER_4
31,31,7,87,27/12/2022 8:33:00,182,Business Rule,20221227rc,USER_5
42,42,92,32,27/12/2022 8:35:00,196,Business Rule,20221227rc,USER_4
20,20,76,24,27/12/2022 8:43:00,210,Business Rule,20221227rc,USER_2
28,28,75,29,27/12/2022 9:01:00,203,Business Rule,20221227rc,USER_2
14,14,46,0,27/12/2022 9:11:00,217,Business Rule,20221227rc,USER_5
7,7,67,75,27/12/2022 9:28:00,210,Business Rule,20221227rc,USER_1
21,21,40,2,27/12/2022 9:41:00,203,Business Rule,20221227rc,USER_1
29,29,19,65,27/12/2022 9:42:00,189,Business Rule,20221227rc,USER_1
47,47,70,58,27/12/2022 9:52:00,217,Business Rule,20221227rc,USER_1
30,30,62,35,27/12/2022 9:54:00,217,Business Rule,20221227rc,USER_2
46,46,42,10,27/12/2022 9:55:00,203,Business Rule,20221227rc,USER_4
11,11,80,98,27/12/2022 10:13:00,217,Business Rule,20221227rc,USER_3
1,1,17,33,27/12/2022 10:17:00,203,Business Rule,20221227rc,USER_1
47,47,51,11,27/12/2022 10:17:00,217,Business Rule,20221227rc,USER_2
40,40,79,34,27/12/2022 10:22:00,203,Business Rule,20221227rc,USER_4
3,3,8,63,27/12/2022 10:36:00,182,Business Rule,20221227rc,USER_3
3,3,15,100,27/12/2022 10:55:00,182,Business Rule,20221227rc,USER_5
32,32,54,37,27/12/2022 10:57:00,217,Business Rule,20221227rc,USER_5
11,11,76,64,27/12/2022 11:28:00,217,Business Rule,20221227rc,USER_3
50,50,66,85,27/12/2022 11:32:00,217,Business Rule,20221227rc,USER_2
19,19,35,76,27/12/2022 11:36:00,210,Business Rule,20221227rc,USER_1
3,3,77,36,27/12/2022 12:08:00,182,Business Rule,20221227rc,USER_5
40,40,24,57,3/01/2023 8:08:00,210,Business Rule,20230103rc,USER_1
33,33,47,43,3/01/2023 8:11:00,217,Business Rule,20230103rc,USER_3
39,39,46,34,3/01/2023 8:20:00,210,Business Rule,20230103rc,USER_4
43,43,78,78,3/01/2023 8:29:00,210,Business Rule,20230103rc,USER_2
15,15,31,95,3/01/2023 8:30:00,154,Business Rule,20230103rc,USER_3
48,48,58,62,3/01/2023 8:44:00,217,Business Rule,20230103rc,USER_5
26,26,83,29,3/01/2023 9:16:00,217,Business Rule,20230103rc,USER_2
35,35,66,39,3/01/2023 9:28:00,217,Business Rule,20230103rc,USER_5
42,42,52,93,3/01/2023 9:28:00,203,Business Rule,20230103rc,USER_3
47,47,88,49,3/01/2023 10:04:00,224,Business Rule,20230103rc,USER_4
26,26,59,98,3/01/2023 10:23:00,217,Business Rule,20230103rc,USER_5
9,9,15,49,3/01/2023 10:29:00,210,Business Rule,20230103rc,USER_2
7,7,83,35,3/01/2023 10:57:00,217,Business Rule,20230103rc,USER_2
16,16,93,74,3/01/2023 11:12:00,210,Business Rule,20230103rc,USER_1
15,15,97,16,3/01/2023 11:22:00,154,Business Rule,20230103rc,USER_3
49,49,17,55,3/01/2023 11:24:00,210,Business Rule,20230103rc,USER_5
49,49,13,53,3/01/2023 11:26:00,210,Business Rule,20230103rc,USER_1
50,50,59,14,3/01/2023 12:03:00,224,Business Rule,20230103rc,USER_5
5,5,87,50,3/01/2023 12:13:00,203,Business Rule,20230103rc,USER_2
34,34,50,85,3/01/2023 12:24:00,217,Business Rule,20230103rc,USER_4
15,15,66,46,3/01/2023 12:27:00,154,Business Rule,20230103rc,USER_3
14,14,23,79,3/01/2023 12:29:00,224,Business Rule,20230103rc,USER_2
12,12,3,100,3/01/2023 12:34:00,224,Business Rule,20230103rc,USER_1
25,25,54,65,3/01/2023 12:47:00,217,Business Rule,20230103rc,USER_4
21,21,23,50,3/01/2023 12:58:00,210,Business Rule,20230103rc,USER_2
8,8,97,99,10/01/2023 8:29:00,231,Business Rule,20230110rc,USER_1
43,43,90,47,10/01/2023 8:37:00,217,Business Rule,20230110rc,USER_5
44,44,33,5,10/01/2023 8:42:00,217,Business Rule,20230110rc,USER_2
40,40,62,70,10/01/2023 8:56:00,217,Business Rule,20230110rc,USER_3
13,13,87,93,10/01/2023 8:58:00,210,Business Rule,20230110rc,USER_5
1,1,58,47,10/01/2023 8:58:00,217,Business Rule,20230110rc,USER_3
41,41,31,8,10/01/2023 9:01:00,196,Business Rule,20230110rc,USER_4
23,23,66,35,10/01/2023 9:04:00,210,Business Rule,20230110rc,USER_5
16,16,26,8,10/01/2023 9:19:00,217,Business Rule,20230110rc,USER_3
17,17,15,12,10/01/2023 9:26:00,231,Business Rule,20230110rc,USER_2
2,2,93,17,10/01/2023 9:42:00,210,Business Rule,20230110rc,USER_4
10,10,4,38,10/01/2023 9:56:00,175,Business Rule,20230110rc,USER_1
23,23,71,99,10/01/2023 9:58:00,210,Business Rule,20230110rc,USER_1
3,3,20,60,10/01/2023 10:23:00,196,Business Rule,20230110rc,USER_3
17,17,71,93,10/01/2023 11:17:00,231,Business Rule,20230110rc,USER_3
14,14,59,64,10/01/2023 11:39:00,231,Business Rule,20230110rc,USER_1
16,16,92,28,10/01/2023 11:39:00,217,Business Rule,20230110rc,USER_4
26,26,28,53,10/01/2023 11:59:00,224,Business Rule,20230110rc,USER_4
30,30,50,28,10/01/2023 12:09:00,231,Business Rule,20230110rc,USER_4
16,16,20,81,10/01/2023 12:25:00,217,Business Rule,20230110rc,USER_3
18,18,70,76,10/01/2023 12:34:00,231,Business Rule,20230110rc,USER_5
39,39,75,88,10/01/2023 12:37:00,217,Business Rule,20230110rc,USER_4
17,17,38,91,10/01/2023 12:43:00,231,Business Rule,20230110rc,USER_5
46,46,39,78,10/01/2023 12:44:00,217,Business Rule,20230110rc,USER_3
31,31,88,80,10/01/2023 12:47:00,196,Business Rule,20230110rc,USER_5
26,26,60,28,17/01/2023 8:03:00,231,Business Rule,20230117rc,USER_4
46,46,96,21,17/01/2023 8:19:00,224,Business Rule,20230117rc,USER_1
50,50,11,15,17/01/2023 8:23:00,238,Business Rule,20230117rc,USER_4
20,20,31,58,17/01/2023 8:27:00,231,Business Rule,20230117rc,USER_4
18,18,80,68,17/01/2023 8:43:00,238,Business Rule,20230117rc,USER_4
39,39,2,72,17/01/2023 8:57:00,224,Business Rule,20230117rc,USER_2
11,11,61,30,17/01/2023 8:59:00,238,Business Rule,20230117rc,USER_4
14,14,44,77,17/01/2023 9:05:00,238,Business Rule,20230117rc,USER_5
35,35,43,59,17/01/2023 9:23:00,231,Business Rule,20230117rc,USER_1
45,45,33,96,17/01/2023 9:35:00,231,Business Rule,20230117rc,USER_1
47,47,35,84,17/01/2023 9:43:00,238,Business Rule,20230117rc,USER_3
3,3,2,28,17/01/2023 9:49:00,203,Business Rule,20230117rc,USER_4
13,13,84,74,17/01/2023 10:18:00,217,Business Rule,20230117rc,USER_2
28,28,18,3,17/01/2023 10:46:00,224,Business Rule,20230117rc,USER_3
22,22,1,29,17/01/2023 10:53:00,224,Business Rule,20230117rc,USER_5
49,49,61,59,17/01/2023 11:16:00,224,Business Rule,20230117rc,USER_3
40,40,27,39,17/01/2023 11:25:00,224,Business Rule,20230117rc,USER_5
19,19,12,72,17/01/2023 11:40:00,231,Business Rule,20230117rc,USER_4
33,33,57,83,17/01/2023 11:46:00,231,Business Rule,20230117rc,USER_5
10,10,60,16,17/01/2023 11:50:00,182,Business Rule,20230117rc,USER_5
47,47,65,70,17/01/2023 11:56:00,238,Business Rule,20230117rc,USER_1
3,3,33,99,17/01/2023 12:07:00,203,Business Rule,20230117rc,USER_1
19,19,32,57,17/01/2023 12:13:00,231,Business Rule,20230117rc,USER_4
22,22,12,1,17/01/2023 12:24:00,224,Business Rule,20230117rc,USER_3
46,46,83,87,17/01/2023 12:29:00,224,Business Rule,20230117rc,USER_4
17,17,77,18,24/01/2023 8:06:00,245,Business Rule,20230124rc,USER_4
37,37,70,6,24/01/2023 8:07:00,245,Business Rule,20230124rc,USER_5
15,15,65,39,24/01/2023 8:11:00,175,Business Rule,20230124rc,USER_4
5,5,73,86,24/01/2023 8:13:00,224,Business Rule,20230124rc,USER_1
9,9,13,28,24/01/2023 8:34:00,231,Business Rule,20230124rc,USER_2
26,26,99,85,24/01/2023 9:03:00,238,Business Rule,20230124rc,USER_3
39,39,46,53,24/01/2023 9:16:00,231,Business Rule,20230124rc,USER_5
50,50,55,36,24/01/2023 9:36:00,245,Business Rule,20230124rc,USER_1
4,4,32,42,24/01/2023 9:42:00,238,Business Rule,20230124rc,USER_1
10,10,12,89,24/01/2023 9:49:00,189,Business Rule,20230124rc,USER_5
35,35,79,8,24/01/2023 9:53:00,238,Business Rule,20230124rc,USER_4
39,39,71,79,24/01/2023 10:02:00,231,Business Rule,20230124rc,USER_2
20,20,38,4,24/01/2023 10:35:00,238,Business Rule,20230124rc,USER_5
45,45,3,7,24/01/2023 10:46:00,238,Business Rule,20230124rc,USER_3
20,20,51,38,24/01/2023 10:52:00,238,Business Rule,20230124rc,USER_5
47,47,9,77,24/01/2023 11:11:00,245,Business Rule,20230124rc,USER_1
4,4,97,62,24/01/2023 11:37:00,238,Business Rule,20230124rc,USER_5
28,28,22,21,24/01/2023 11:40:00,231,Business Rule,20230124rc,USER_4
25,25,33,17,24/01/2023 11:49:00,238,Business Rule,20230124rc,USER_3
5,5,21,36,24/01/2023 12:11:00,224,Business Rule,20230124rc,USER_2
17,17,95,0,24/01/2023 12:20:00,245,Business Rule,20230124rc,USER_4
40,40,8,55,24/01/2023 12:28:00,231,Business Rule,20230124rc,USER_3
30,30,88,30,24/01/2023 12:36:00,245,Business Rule,20230124rc,USER_1
18,18,90,82,24/01/2023 12:42:00,245,Business Rule,20230124rc,USER_1
11,11,77,45,24/01/2023 12:48:00,245,Business Rule,20230124rc,USER_1
46,46,11,73,31/01/2023 8:01:00,238,Business Rule,20230131rc,USER_5
17,17,39,37,31/01/2023 8:09:00,252,Business Rule,20230131rc,USER_4
18,18,62,36,31/01/2023 8:11:00,252,Business Rule,20230131rc,USER_4
2,2,87,82,31/01/2023 8:14:00,231,Business Rule,20230131rc,USER_5
11,11,80,56,31/01/2023 8:26:00,252,Business Rule,20230131rc,USER_4
43,43,79,79,31/01/2023 8:45:00,238,Business Rule,20230131rc,USER_3
4,4,82,72,31/01/2023 8:53:00,245,Business Rule,20230131rc,USER_5
28,28,99,75,31/01/2023 8:58:00,238,Business Rule,20230131rc,USER_2
10,10,55,57,31/01/2023 9:03:00,196,Business Rule,20230131rc,USER_3
9,9,84,21,31/01/2023 9:12:00,238,Business Rule,20230131rc,USER_4
35,35,47,71,31/01/2023 9:20:00,245,Business Rule,20230131rc,USER_4
34,34,47,42,31/01/2023 9:48:00,245,Business Rule,20230131rc,USER_2
41,41,48,70,31/01/2023 9:52:00,217,Business Rule,20230131rc,USER_3
29,29,24,50,31/01/2023 9:56:00,224,Business Rule,20230131rc,USER_3
10,10,42,18,31/01/2023 10:14:00,196,Business Rule,20230131rc,USER_1
42,42,82,99,31/01/2023 10:22:00,231,Business Rule,20230131rc,USER_5
11,11,15,1,31/01/2023 10:44:00,252,Business Rule,20230131rc,USER_3
7,7,38,84,31/01/2023 10:45:00,245,Business Rule,20230131rc,USER_3
40,40,76,4,31/01/2023 11:10:00,238,Business Rule,20230131rc,USER_2
37,37,82,92,31/01/2023 11:36:00,252,Business Rule,20230131rc,USER_2
42,42,66,3,31/01/2023 11:49:00,231,Business Rule,20230131rc,USER_4
47,47,79,15,31/01/2023 11:49:00,252,Business Rule,20230131rc,USER_3
43,43,48,92,31/01/2023 12:13:00,238,Business Rule,20230131rc,USER_3
13,13,33,52,31/01/2023 12:37:00,231,Business Rule,20230131rc,USER_2
26,26,61,30,31/01/2023 12:58:00,245,Business Rule,20230131rc,USER_5
36,36,89,2,7/02/2023 8:07:00,252,Business Rule,20230207rc,USER_5
9,9,20,17,7/02/2023 8:11:00,245,Business Rule,20230207rc,USER_5
34,34,27,14,7/02/2023 8:32:00,252,Business Rule,20230207rc,USER_3
12,12,72,77,7/02/2023 8:39:00,259,Business Rule,20230207rc,USER_3
28,28,100,88,7/02/2023 8:41:00,245,Business Rule,20230207rc,USER_2
47,47,70,81,7/02/2023 9:03:00,259,Business Rule,20230207rc,USER_5
24,24,2,68,7/02/2023 9:18:00,252,Business Rule,20230207rc,USER_3
36,36,39,62,7/02/2023 9:32:00,252,Business Rule,20230207rc,USER_5
2,2,51,65,7/02/2023 9:34:00,238,Business Rule,20230207rc,USER_4
45,45,15,47,7/02/2023 9:41:00,252,Business Rule,20230207rc,USER_2
37,37,82,15,7/02/2023 10:05:00,259,Business Rule,20230207rc,USER_4
40,40,3,15,7/02/2023 10:11:00,245,Business Rule,20230207rc,USER_4
39,39,74,5,7/02/2023 10:12:00,245,Business Rule,20230207rc,USER_3
4,4,80,63,7/02/2023 10:14:00,252,Business Rule,20230207rc,USER_4
35,35,19,14,7/02/2023 10:24:00,252,Business Rule,20230207rc,USER_2
8,8,14,68,7/02/2023 10:43:00,259,Business Rule,20230207rc,USER_5
49,49,44,43,7/02/2023 10:48:00,245,Business Rule,20230207rc,USER_4
6,6,95,53,7/02/2023 11:10:00,252,Business Rule,20230207rc,USER_2
7,7,29,22,7/02/2023 11:34:00,252,Business Rule,20230207rc,USER_3
12,12,16,72,7/02/2023 11:45:00,259,Business Rule,20230207rc,USER_4
25,25,61,0,7/02/2023 12:05:00,252,Business Rule,20230207rc,USER_5
1,1,37,95,7/02/2023 12:20:00,245,Business Rule,20230207rc,USER_2
17,17,7,27,7/02/2023 12:41:00,259,Business Rule,20230207rc,USER_1
50,50,85,66,7/02/2023 12:42:00,259,Business Rule,20230207rc,USER_1
13,13,21,100,7/02/2023 12:44:00,238,Business Rule,20230207rc,USER_5
25,25,72,38,14/02/2023 8:09:00,259,Business Rule,20230214rc,USER_2
13,13,86,88,14/02/2023 8:10:00,245,Business Rule,20230214rc,USER_5
23,23,88,14,14/02/2023 8:19:00,245,Business Rule,20230214rc,USER_1
29,29,21,4,14/02/2023 8:33:00,238,Business Rule,20230214rc,USER_5
3,3,18,39,14/02/2023 8:58:00,231,Business Rule,20230214rc,USER_3
28,28,62,20,14/02/2023 9:06:00,252,Business Rule,20230214rc,USER_3
47,47,44,38,14/02/2023 9:33:00,266,Business Rule,20230214rc,USER_3
49,49,89,15,14/02/2023 9:34:00,252,Business Rule,20230214rc,USER_2
26,26,99,23,14/02/2023 10:07:00,259,Business Rule,20230214rc,USER_1
8,8,27,40,14/02/2023 10:10:00,266,Business Rule,20230214rc,USER_5
19,19,41,25,14/02/2023 10:19:00,259,Business Rule,20230214rc,USER_4
43,43,13,85,14/02/2023 10:25:00,252,Business Rule,20230214rc,USER_5
6,6,98,83,14/02/2023 10:43:00,259,Business Rule,20230214rc,USER_2
38,38,97,97,14/02/2023 10:58:00,259,Business Rule,20230214rc,USER_1
22,22,31,88,14/02/2023 11:07:00,252,Business Rule,20230214rc,USER_3
1,1,65,30,14/02/2023 11:07:00,252,Business Rule,20230214rc,USER_2
5,5,54,54,14/02/2023 11:47:00,245,Business Rule,20230214rc,USER_3
33,33,90,62,14/02/2023 11:48:00,259,Business Rule,20230214rc,USER_1
7,7,94,100,14/02/2023 11:51:00,259,Business Rule,20230214rc,USER_4
37,37,83,8,14/02/2023 12:04:00,266,Business Rule,20230214rc,USER_1
29,29,64,65,14/02/2023 12:10:00,238,Business Rule,20230214rc,USER_4
46,46,37,88,14/02/2023 12:29:00,252,Business Rule,20230214rc,USER_2
41,41,5,78,14/02/2023 12:36:00,231,Business Rule,20230214rc,USER_2
18,18,55,21,14/02/2023 12:41:00,266,Business Rule,20230214rc,USER_1
15,15,46,73,14/02/2023 12:48:00,196,Business Rule,20230214rc,USER_1
5,5,29,90,21/02/2023 8:07:00,252,Business Rule,20230221rc,USER_4
26,26,17,46,21/02/2023 8:09:00,266,Business Rule,20230221rc,USER_4
9,9,70,76,21/02/2023 8:13:00,259,Business Rule,20230221rc,USER_1
14,14,61,54,21/02/2023 8:25:00,273,Business Rule,20230221rc,USER_2
5,5,100,4,21/02/2023 8:27:00,252,Business Rule,20230221rc,USER_4
45,45,36,22,21/02/2023 8:55:00,266,Business Rule,20230221rc,USER_5
15,15,38,48,21/02/2023 8:58:00,203,Business Rule,20230221rc,USER_1
39,39,37,4,21/02/2023 9:03:00,259,Business Rule,20230221rc,USER_4
45,45,2,72,21/02/2023 9:12:00,266,Business Rule,20230221rc,USER_1
48,48,84,17,21/02/2023 9:21:00,266,Business Rule,20230221rc,USER_1
29,29,17,75,21/02/2023 9:31:00,245,Business Rule,20230221rc,USER_4
42,42,73,38,21/02/2023 9:39:00,252,Business Rule,20230221rc,USER_4
31,31,71,62,21/02/2023 9:53:00,238,Business Rule,20230221rc,USER_4
41,41,76,28,21/02/2023 9:58:00,238,Business Rule,20230221rc,USER_4
2,2,9,69,21/02/2023 10:30:00,252,Business Rule,20230221rc,USER_5
20,20,6,31,21/02/2023 10:47:00,266,Business Rule,20230221rc,USER_3
8,8,2,33,21/02/2023 10:47:00,273,Business Rule,20230221rc,USER_4
16,16,7,32,21/02/2023 10:57:00,259,Business Rule,20230221rc,USER_2
31,31,51,45,21/02/2023 10:57:00,238,Business Rule,20230221rc,USER_4
24,24,83,1,21/02/2023 11:13:00,266,Business Rule,20230221rc,USER_5
48,48,5,23,21/02/2023 11:16:00,266,Business Rule,20230221rc,USER_1
21,21,91,83,21/02/2023 11:20:00,259,Business Rule,20230221rc,USER_5
4,4,8,74,21/02/2023 11:26:00,266,Business Rule,20230221rc,USER_5
7,7,21,42,21/02/2023 11:26:00,266,Business Rule,20230221rc,USER_4
33,33,43,21,21/02/2023 12:10:00,266,Business Rule,20230221rc,USER_1
28,28,30,58,28/02/2023 8:34:00,266,Business Rule,20230228rc,USER_3
14,14,54,56,28/02/2023 9:42:00,280,Business Rule,20230228rc,USER_2
2,2,3,20,28/02/2023 10:14:00,259,Business Rule,20230228rc,USER_3
46,46,79,77,28/02/2023 10:46:00,266,Business Rule,20230228rc,USER_5
12,12,33,63,28/02/2023 11:29:00,280,Business Rule,20230228rc,USER_2
28,28,27,19,28/02/2023 11:50:00,266,Business Rule,20230228rc,USER_3
9,9,91,9,28/02/2023 11:55:00,266,Business Rule,20230228rc,USER_4
42,42,10,34,28/02/2023 12:11:00,259,Business Rule,20230228rc,USER_1
39,39,95,69,28/02/2023 12:13:00,266,Business Rule,20230228rc,USER_3
34,34,85,33,28/02/2023 12:28:00,273,Business Rule,20230228rc,USER_4
39,39,29,83,28/02/2023 12:47:00,266,Business Rule,20230228rc,USER_4
50,50,76,26,28/02/2023 12:50:00,280,Business Rule,20230228rc,USER_5
37,37,92,3,28/02/2023 12:57:00,280,Business Rule,20230228rc,USER_5